Letter,Word
A,apple
A,ant
A,area
A,art
A,act
A,arm
A,aim
A,air
A,age
A,able
A,apple
A,ant
A,area
A,art
A,act
A,arm
A,aim
A,air
A,age
A,able
A,apple
A,ant
A,area
A,art
A,act
A,arm
A,aim
A,air
A,age
A,able
A,apple
A,ant
A,area
A,art
A,act
A,arm
A,aim
A,air
A,age
A,able
A,apple
A,ant
A,area
A,art
A,act
A,arm
A,aim
A,air
A,age
A,able
A,apple
A,ant
A,area
A,art
A,act
A,arm
A,aim
A,air
A,age
A,able
A,apple
A,ant
A,area
A,art
A,act
A,arm
A,aim
A,air
A,age
A,able
A,apple
A,ant
A,area
A,art
A,act
A,arm
A,aim
A,air
A,age
A,able
A,apple
A,ant
A,area
A,art
A,act
A,arm
A,aim
A,air
A,age
A,able
A,apple
A,ant
A,area
A,art
A,act
A,arm
A,aim
A,air
A,age
A,able
B,book
B,bat
B,ball
B,big
B,back
B,bad
B,base
B,bank
B,bark
B,bear
B,book
B,bat
B,ball
B,big
B,back
B,bad
B,base
B,bank
B,bark
B,bear
B,book
B,bat
B,ball
B,big
B,back
B,bad
B,base
B,bank
B,bark
B,bear
B,book
B,bat
B,ball
B,big
B,back
B,bad
B,base
B,bank
B,bark
B,bear
B,book
B,bat
B,ball
B,big
B,back
B,bad
B,base
B,bank
B,bark
B,bear
B,book
B,bat
B,ball
B,big
B,back
B,bad
B,base
B,bank
B,bark
B,bear
B,book
B,bat
B,ball
B,big
B,back
B,bad
B,base
B,bank
B,bark
B,bear
B,book
B,bat
B,ball
B,big
B,back
B,bad
B,base
B,bank
B,bark
B,bear
B,book
B,bat
B,ball
B,big
B,back
B,bad
B,base
B,bank
B,bark
B,bear
B,book
B,bat
B,ball
B,big
B,back
B,bad
B,base
B,bank
B,bark
B,bear
C,cat
C,car
C,cup
C,code
C,cold
C,call
C,cut
C,city
C,cook
C,cow
C,cat
C,car
C,cup
C,code
C,cold
C,call
C,cut
C,city
C,cook
C,cow
C,cat
C,car
C,cup
C,code
C,cold
C,call
C,cut
C,city
C,cook
C,cow
C,cat
C,car
C,cup
C,code
C,cold
C,call
C,cut
C,city
C,cook
C,cow
C,cat
C,car
C,cup
C,code
C,cold
C,call
C,cut
C,city
C,cook
C,cow
C,cat
C,car
C,cup
C,code
C,cold
C,call
C,cut
C,city
C,cook
C,cow
C,cat
C,car
C,cup
C,code
C,cold
C,call
C,cut
C,city
C,cook
C,cow
C,cat
C,car
C,cup
C,code
C,cold
C,call
C,cut
C,city
C,cook
C,cow
C,cat
C,car
C,cup
C,code
C,cold
C,call
C,cut
C,city
C,cook
C,cow
C,cat
C,car
C,cup
C,code
C,cold
C,call
C,cut
C,city
C,cook
C,cow
D,dog
D,door
D,dot
D,dry
D,day
D,dark
D,dust
D,dawn
D,deer
D,drop
D,dog
D,door
D,dot
D,dry
D,day
D,dark
D,dust
D,dawn
D,deer
D,drop
D,dog
D,door
D,dot
D,dry
D,day
D,dark
D,dust
D,dawn
D,deer
D,drop
D,dog
D,door
D,dot
D,dry
D,day
D,dark
D,dust
D,dawn
D,deer
D,drop
D,dog
D,door
D,dot
D,dry
D,day
D,dark
D,dust
D,dawn
D,deer
D,drop
D,dog
D,door
D,dot
D,dry
D,day
D,dark
D,dust
D,dawn
D,deer
D,drop
D,dog
D,door
D,dot
D,dry
D,day
D,dark
D,dust
D,dawn
D,deer
D,drop
D,dog
D,door
D,dot
D,dry
D,day
D,dark
D,dust
D,dawn
D,deer
D,drop
D,dog
D,door
D,dot
D,dry
D,day
D,dark
D,dust
D,dawn
D,deer
D,drop
D,dog
D,door
D,dot
D,dry
D,day
D,dark
D,dust
D,dawn
D,deer
D,drop
E,egg
E,ear
E,east
E,eat
E,edge
E,end
E,event
E,easy
E,enter
E,exit
E,egg
E,ear
E,east
E,eat
E,edge
E,end
E,event
E,easy
E,enter
E,exit
E,egg
E,ear
E,east
E,eat
E,edge
E,end
E,event
E,easy
E,enter
E,exit
E,egg
E,ear
E,east
E,eat
E,edge
E,end
E,event
E,easy
E,enter
E,exit
E,egg
E,ear
E,east
E,eat
E,edge
E,end
E,event
E,easy
E,enter
E,exit
E,egg
E,ear
E,east
E,eat
E,edge
E,end
E,event
E,easy
E,enter
E,exit
E,egg
E,ear
E,east
E,eat
E,edge
E,end
E,event
E,easy
E,enter
E,exit
E,egg
E,ear
E,east
E,eat
E,edge
E,end
E,event
E,easy
E,enter
E,exit
E,egg
E,ear
E,east
E,eat
E,edge
E,end
E,event
E,easy
E,enter
E,exit
E,egg
E,ear
E,east
E,eat
E,edge
E,end
E,event
E,easy
E,enter
E,exit
F,fan
F,fat
F,fit
F,fun
F,fall
F,fast
F,face
F,fire
F,fear
F,film
F,fan
F,fat
F,fit
F,fun
F,fall
F,fast
F,face
F,fire
F,fear
F,film
F,fan
F,fat
F,fit
F,fun
F,fall
F,fast
F,face
F,fire
F,fear
F,film
F,fan
F,fat
F,fit
F,fun
F,fall
F,fast
F,face
F,fire
F,fear
F,film
F,fan
F,fat
F,fit
F,fun
F,fall
F,fast
F,face
F,fire
F,fear
F,film
F,fan
F,fat
F,fit
F,fun
F,fall
F,fast
F,face
F,fire
F,fear
F,film
F,fan
F,fat
F,fit
F,fun
F,fall
F,fast
F,face
F,fire
F,fear
F,film
F,fan
F,fat
F,fit
F,fun
F,fall
F,fast
F,face
F,fire
F,fear
F,film
F,fan
F,fat
F,fit
F,fun
F,fall
F,fast
F,face
F,fire
F,fear
F,film
F,fan
F,fat
F,fit
F,fun
F,fall
F,fast
F,face
F,fire
F,fear
F,film
G,go
G,game
G,gap
G,girl
G,good
G,goal
G,grow
G,gift
G,glass
G,gold
G,go
G,game
G,gap
G,girl
G,good
G,goal
G,grow
G,gift
G,glass
G,gold
G,go
G,game
G,gap
G,girl
G,good
G,goal
G,grow
G,gift
G,glass
G,gold
G,go
G,game
G,gap
G,girl
G,good
G,goal
G,grow
G,gift
G,glass
G,gold
G,go
G,game
G,gap
G,girl
G,good
G,goal
G,grow
G,gift
G,glass
G,gold
G,go
G,game
G,gap
G,girl
G,good
G,goal
G,grow
G,gift
G,glass
G,gold
G,go
G,game
G,gap
G,girl
G,good
G,goal
G,grow
G,gift
G,glass
G,gold
G,go
G,game
G,gap
G,girl
G,good
G,goal
G,grow
G,gift
G,glass
G,gold
G,go
G,game
G,gap
G,girl
G,good
G,goal
G,grow
G,gift
G,glass
G,gold
G,go
G,game
G,gap
G,girl
G,good
G,goal
G,grow
G,gift
G,glass
G,gold
H,hat
H,hot
H,hit
H,hop
H,hug
H,hill
H,home
H,hope
H,hair
H,hard
H,hat
H,hot
H,hit
H,hop
H,hug
H,hill
H,home
H,hope
H,hair
H,hard
H,hat
H,hot
H,hit
H,hop
H,hug
H,hill
H,home
H,hope
H,hair
H,hard
H,hat
H,hot
H,hit
H,hop
H,hug
H,hill
H,home
H,hope
H,hair
H,hard
H,hat
H,hot
H,hit
H,hop
H,hug
H,hill
H,home
H,hope
H,hair
H,hard
H,hat
H,hot
H,hit
H,hop
H,hug
H,hill
H,home
H,hope
H,hair
H,hard
H,hat
H,hot
H,hit
H,hop
H,hug
H,hill
H,home
H,hope
H,hair
H,hard
H,hat
H,hot
H,hit
H,hop
H,hug
H,hill
H,home
H,hope
H,hair
H,hard
H,hat
H,hot
H,hit
H,hop
H,hug
H,hill
H,home
H,hope
H,hair
H,hard
H,hat
H,hot
H,hit
H,hop
H,hug
H,hill
H,home
H,hope
H,hair
H,hard
I,ice
I,ink
I,iron
I,item
I,idea
I,ill
I,inch
I,into
I,image
I,icon
I,ice
I,ink
I,iron
I,item
I,idea
I,ill
I,inch
I,into
I,image
I,icon
I,ice
I,ink
I,iron
I,item
I,idea
I,ill
I,inch
I,into
I,image
I,icon
I,ice
I,ink
I,iron
I,item
I,idea
I,ill
I,inch
I,into
I,image
I,icon
I,ice
I,ink
I,iron
I,item
I,idea
I,ill
I,inch
I,into
I,image
I,icon
I,ice
I,ink
I,iron
I,item
I,idea
I,ill
I,inch
I,into
I,image
I,icon
I,ice
I,ink
I,iron
I,item
I,idea
I,ill
I,inch
I,into
I,image
I,icon
I,ice
I,ink
I,iron
I,item
I,idea
I,ill
I,inch
I,into
I,image
I,icon
I,ice
I,ink
I,iron
I,item
I,idea
I,ill
I,inch
I,into
I,image
I,icon
I,ice
I,ink
I,iron
I,item
I,idea
I,ill
I,inch
I,into
I,image
I,icon
J,jam
J,jet
J,job
J,jog
J,joy
J,joke
J,jar
J,jump
J,join
J,judge
J,jam
J,jet
J,job
J,jog
J,joy
J,joke
J,jar
J,jump
J,join
J,judge
J,jam
J,jet
J,job
J,jog
J,joy
J,joke
J,jar
J,jump
J,join
J,judge
J,jam
J,jet
J,job
J,jog
J,joy
J,joke
J,jar
J,jump
J,join
J,judge
J,jam
J,jet
J,job
J,jog
J,joy
J,joke
J,jar
J,jump
J,join
J,judge
J,jam
J,jet
J,job
J,jog
J,joy
J,joke
J,jar
J,jump
J,join
J,judge
J,jam
J,jet
J,job
J,jog
J,joy
J,joke
J,jar
J,jump
J,join
J,judge
J,jam
J,jet
J,job
J,jog
J,joy
J,joke
J,jar
J,jump
J,join
J,judge
J,jam
J,jet
J,job
J,jog
J,joy
J,joke
J,jar
J,jump
J,join
J,judge
J,jam
J,jet
J,job
J,jog
J,joy
J,joke
J,jar
J,jump
J,join
J,judge
K,kite
K,kit
K,key
K,kill
K,king
K,kid
K,kick
K,knee
K,keep
K,kind
K,kite
K,kit
K,key
K,kill
K,king
K,kid
K,kick
K,knee
K,keep
K,kind
K,kite
K,kit
K,key
K,kill
K,king
K,kid
K,kick
K,knee
K,keep
K,kind
K,kite
K,kit
K,key
K,kill
K,king
K,kid
K,kick
K,knee
K,keep
K,kind
K,kite
K,kit
K,key
K,kill
K,king
K,kid
K,kick
K,knee
K,keep
K,kind
K,kite
K,kit
K,key
K,kill
K,king
K,kid
K,kick
K,knee
K,keep
K,kind
K,kite
K,kit
K,key
K,kill
K,king
K,kid
K,kick
K,knee
K,keep
K,kind
K,kite
K,kit
K,key
K,kill
K,king
K,kid
K,kick
K,knee
K,keep
K,kind
K,kite
K,kit
K,key
K,kill
K,king
K,kid
K,kick
K,knee
K,keep
K,kind
K,kite
K,kit
K,key
K,kill
K,king
K,kid
K,kick
K,knee
K,keep
K,kind
L,log
L,lap
L,lot
L,lid
L,low
L,lay
L,life
L,lamp
L,lake
L,love
L,log
L,lap
L,lot
L,lid
L,low
L,lay
L,life
L,lamp
L,lake
L,love
L,log
L,lap
L,lot
L,lid
L,low
L,lay
L,life
L,lamp
L,lake
L,love
L,log
L,lap
L,lot
L,lid
L,low
L,lay
L,life
L,lamp
L,lake
L,love
L,log
L,lap
L,lot
L,lid
L,low
L,lay
L,life
L,lamp
L,lake
L,love
L,log
L,lap
L,lot
L,lid
L,low
L,lay
L,life
L,lamp
L,lake
L,love
L,log
L,lap
L,lot
L,lid
L,low
L,lay
L,life
L,lamp
L,lake
L,love
L,log
L,lap
L,lot
L,lid
L,low
L,lay
L,life
L,lamp
L,lake
L,love
L,log
L,lap
L,lot
L,lid
L,low
L,lay
L,life
L,lamp
L,lake
L,love
L,log
L,lap
L,lot
L,lid
L,low
L,lay
L,life
L,lamp
L,lake
L,love
M,man
M,map
M,mat
M,mud
M,mad
M,mix
M,mine
M,moon
M,mop
M,move
M,man
M,map
M,mat
M,mud
M,mad
M,mix
M,mine
M,moon
M,mop
M,move
M,man
M,map
M,mat
M,mud
M,mad
M,mix
M,mine
M,moon
M,mop
M,move
M,man
M,map
M,mat
M,mud
M,mad
M,mix
M,mine
M,moon
M,mop
M,move
M,man
M,map
M,mat
M,mud
M,mad
M,mix
M,mine
M,moon
M,mop
M,move
M,man
M,map
M,mat
M,mud
M,mad
M,mix
M,mine
M,moon
M,mop
M,move
M,man
M,map
M,mat
M,mud
M,mad
M,mix
M,mine
M,moon
M,mop
M,move
M,man
M,map
M,mat
M,mud
M,mad
M,mix
M,mine
M,moon
M,mop
M,move
M,man
M,map
M,mat
M,mud
M,mad
M,mix
M,mine
M,moon
M,mop
M,move
M,man
M,map
M,mat
M,mud
M,mad
M,mix
M,mine
M,moon
M,mop
M,move
N,net
N,nap
N,nod
N,name
N,nail
N,note
N,near
N,neat
N,need
N,noise
N,net
N,nap
N,nod
N,name
N,nail
N,note
N,near
N,neat
N,need
N,noise
N,net
N,nap
N,nod
N,name
N,nail
N,note
N,near
N,neat
N,need
N,noise
N,net
N,nap
N,nod
N,name
N,nail
N,note
N,near
N,neat
N,need
N,noise
N,net
N,nap
N,nod
N,name
N,nail
N,note
N,near
N,neat
N,need
N,noise
N,net
N,nap
N,nod
N,name
N,nail
N,note
N,near
N,neat
N,need
N,noise
N,net
N,nap
N,nod
N,name
N,nail
N,note
N,near
N,neat
N,need
N,noise
N,net
N,nap
N,nod
N,name
N,nail
N,note
N,near
N,neat
N,need
N,noise
N,net
N,nap
N,nod
N,name
N,nail
N,note
N,near
N,neat
N,need
N,noise
N,net
N,nap
N,nod
N,name
N,nail
N,note
N,near
N,neat
N,need
N,noise
O,oak
O,oil
O,old
O,one
O,open
O,own
O,owl
O,off
O,odd
O,only
O,oak
O,oil
O,old
O,one
O,open
O,own
O,owl
O,off
O,odd
O,only
O,oak
O,oil
O,old
O,one
O,open
O,own
O,owl
O,off
O,odd
O,only
O,oak
O,oil
O,old
O,one
O,open
O,own
O,owl
O,off
O,odd
O,only
O,oak
O,oil
O,old
O,one
O,open
O,own
O,owl
O,off
O,odd
O,only
O,oak
O,oil
O,old
O,one
O,open
O,own
O,owl
O,off
O,odd
O,only
O,oak
O,oil
O,old
O,one
O,open
O,own
O,owl
O,off
O,odd
O,only
O,oak
O,oil
O,old
O,one
O,open
O,own
O,owl
O,off
O,odd
O,only
O,oak
O,oil
O,old
O,one
O,open
O,own
O,owl
O,off
O,odd
O,only
O,oak
O,oil
O,old
O,one
O,open
O,own
O,owl
O,off
O,odd
O,only
P,pen
P,pet
P,pop
P,pot
P,pit
P,put
P,push
P,play
P,pink
P,page
P,pen
P,pet
P,pop
P,pot
P,pit
P,put
P,push
P,play
P,pink
P,page
P,pen
P,pet
P,pop
P,pot
P,pit
P,put
P,push
P,play
P,pink
P,page
P,pen
P,pet
P,pop
P,pot
P,pit
P,put
P,push
P,play
P,pink
P,page
P,pen
P,pet
P,pop
P,pot
P,pit
P,put
P,push
P,play
P,pink
P,page
P,pen
P,pet
P,pop
P,pot
P,pit
P,put
P,push
P,play
P,pink
P,page
P,pen
P,pet
P,pop
P,pot
P,pit
P,put
P,push
P,play
P,pink
P,page
P,pen
P,pet
P,pop
P,pot
P,pit
P,put
P,push
P,play
P,pink
P,page
P,pen
P,pet
P,pop
P,pot
P,pit
P,put
P,push
P,play
P,pink
P,page
P,pen
P,pet
P,pop
P,pot
P,pit
P,put
P,push
P,play
P,pink
P,page
Q,quiz
Q,quit
Q,quip
Q,queen
Q,quick
Q,quiet
Q,quake
Q,quote
Q,quest
Q,quill
Q,quiz
Q,quit
Q,quip
Q,queen
Q,quick
Q,quiet
Q,quake
Q,quote
Q,quest
Q,quill
Q,quiz
Q,quit
Q,quip
Q,queen
Q,quick
Q,quiet
Q,quake
Q,quote
Q,quest
Q,quill
Q,quiz
Q,quit
Q,quip
Q,queen
Q,quick
Q,quiet
Q,quake
Q,quote
Q,quest
Q,quill
Q,quiz
Q,quit
Q,quip
Q,queen
Q,quick
Q,quiet
Q,quake
Q,quote
Q,quest
Q,quill
Q,quiz
Q,quit
Q,quip
Q,queen
Q,quick
Q,quiet
Q,quake
Q,quote
Q,quest
Q,quill
Q,quiz
Q,quit
Q,quip
Q,queen
Q,quick
Q,quiet
Q,quake
Q,quote
Q,quest
Q,quill
Q,quiz
Q,quit
Q,quip
Q,queen
Q,quick
Q,quiet
Q,quake
Q,quote
Q,quest
Q,quill
Q,quiz
Q,quit
Q,quip
Q,queen
Q,quick
Q,quiet
Q,quake
Q,quote
Q,quest
Q,quill
Q,quiz
Q,quit
Q,quip
Q,queen
Q,quick
Q,quiet
Q,quake
Q,quote
Q,quest
Q,quill
R,run
R,rat
R,red
R,rip
R,row
R,rain
R,rock
R,ring
R,ride
R,rule
R,run
R,rat
R,red
R,rip
R,row
R,rain
R,rock
R,ring
R,ride
R,rule
R,run
R,rat
R,red
R,rip
R,row
R,rain
R,rock
R,ring
R,ride
R,rule
R,run
R,rat
R,red
R,rip
R,row
R,rain
R,rock
R,ring
R,ride
R,rule
R,run
R,rat
R,red
R,rip
R,row
R,rain
R,rock
R,ring
R,ride
R,rule
R,run
R,rat
R,red
R,rip
R,row
R,rain
R,rock
R,ring
R,ride
R,rule
R,run
R,rat
R,red
R,rip
R,row
R,rain
R,rock
R,ring
R,ride
R,rule
R,run
R,rat
R,red
R,rip
R,row
R,rain
R,rock
R,ring
R,ride
R,rule
R,run
R,rat
R,red
R,rip
R,row
R,rain
R,rock
R,ring
R,ride
R,rule
R,run
R,rat
R,red
R,rip
R,row
R,rain
R,rock
R,ring
R,ride
R,rule
S,sit
S,sun
S,sea
S,set
S,sip
S,saw
S,say
S,song
S,sad
S,ship
S,sit
S,sun
S,sea
S,set
S,sip
S,saw
S,say
S,song
S,sad
S,ship
S,sit
S,sun
S,sea
S,set
S,sip
S,saw
S,say
S,song
S,sad
S,ship
S,sit
S,sun
S,sea
S,set
S,sip
S,saw
S,say
S,song
S,sad
S,ship
S,sit
S,sun
S,sea
S,set
S,sip
S,saw
S,say
S,song
S,sad
S,ship
S,sit
S,sun
S,sea
S,set
S,sip
S,saw
S,say
S,song
S,sad
S,ship
S,sit
S,sun
S,sea
S,set
S,sip
S,saw
S,say
S,song
S,sad
S,ship
S,sit
S,sun
S,sea
S,set
S,sip
S,saw
S,say
S,song
S,sad
S,ship
S,sit
S,sun
S,sea
S,set
S,sip
S,saw
S,say
S,song
S,sad
S,ship
S,sit
S,sun
S,sea
S,set
S,sip
S,saw
S,say
S,song
S,sad
S,ship
T,tap
T,top
T,tan
T,tag
T,toy
T,try
T,twin
T,time
T,task
T,turn
T,tap
T,top
T,tan
T,tag
T,toy
T,try
T,twin
T,time
T,task
T,turn
T,tap
T,top
T,tan
T,tag
T,toy
T,try
T,twin
T,time
T,task
T,turn
T,tap
T,top
T,tan
T,tag
T,toy
T,try
T,twin
T,time
T,task
T,turn
T,tap
T,top
T,tan
T,tag
T,toy
T,try
T,twin
T,time
T,task
T,turn
T,tap
T,top
T,tan
T,tag
T,toy
T,try
T,twin
T,time
T,task
T,turn
T,tap
T,top
T,tan
T,tag
T,toy
T,try
T,twin
T,time
T,task
T,turn
T,tap
T,top
T,tan
T,tag
T,toy
T,try
T,twin
T,time
T,task
T,turn
T,tap
T,top
T,tan
T,tag
T,toy
T,try
T,twin
T,time
T,task
T,turn
T,tap
T,top
T,tan
T,tag
T,toy
T,try
T,twin
T,time
T,task
T,turn
U,urn
U,use
U,up
U,us
U,unit
U,urge
U,undo
U,ugly
U,usual
U,ultra
U,urn
U,use
U,up
U,us
U,unit
U,urge
U,undo
U,ugly
U,usual
U,ultra
U,urn
U,use
U,up
U,us
U,unit
U,urge
U,undo
U,ugly
U,usual
U,ultra
U,urn
U,use
U,up
U,us
U,unit
U,urge
U,undo
U,ugly
U,usual
U,ultra
U,urn
U,use
U,up
U,us
U,unit
U,urge
U,undo
U,ugly
U,usual
U,ultra
U,urn
U,use
U,up
U,us
U,unit
U,urge
U,undo
U,ugly
U,usual
U,ultra
U,urn
U,use
U,up
U,us
U,unit
U,urge
U,undo
U,ugly
U,usual
U,ultra
U,urn
U,use
U,up
U,us
U,unit
U,urge
U,undo
U,ugly
U,usual
U,ultra
U,urn
U,use
U,up
U,us
U,unit
U,urge
U,undo
U,ugly
U,usual
U,ultra
U,urn
U,use
U,up
U,us
U,unit
U,urge
U,undo
U,ugly
U,usual
U,ultra
V,van
V,vet
V,vat
V,vine
V,vast
V,view
V,vote
V,veil
V,verb
V,vibe
V,van
V,vet
V,vat
V,vine
V,vast
V,view
V,vote
V,veil
V,verb
V,vibe
V,van
V,vet
V,vat
V,vine
V,vast
V,view
V,vote
V,veil
V,verb
V,vibe
V,van
V,vet
V,vat
V,vine
V,vast
V,view
V,vote
V,veil
V,verb
V,vibe
V,van
V,vet
V,vat
V,vine
V,vast
V,view
V,vote
V,veil
V,verb
V,vibe
V,van
V,vet
V,vat
V,vine
V,vast
V,view
V,vote
V,veil
V,verb
V,vibe
V,van
V,vet
V,vat
V,vine
V,vast
V,view
V,vote
V,veil
V,verb
V,vibe
V,van
V,vet
V,vat
V,vine
V,vast
V,view
V,vote
V,veil
V,verb
V,vibe
V,van
V,vet
V,vat
V,vine
V,vast
V,view
V,vote
V,veil
V,verb
V,vibe
V,van
V,vet
V,vat
V,vine
V,vast
V,view
V,vote
V,veil
V,verb
V,vibe
W,win
W,war
W,wet
W,wig
W,wax
W,wing
W,wish
W,wave
W,wake
W,walk
W,win
W,war
W,wet
W,wig
W,wax
W,wing
W,wish
W,wave
W,wake
W,walk
W,win
W,war
W,wet
W,wig
W,wax
W,wing
W,wish
W,wave
W,wake
W,walk
W,win
W,war
W,wet
W,wig
W,wax
W,wing
W,wish
W,wave
W,wake
W,walk
W,win
W,war
W,wet
W,wig
W,wax
W,wing
W,wish
W,wave
W,wake
W,walk
W,win
W,war
W,wet
W,wig
W,wax
W,wing
W,wish
W,wave
W,wake
W,walk
W,win
W,war
W,wet
W,wig
W,wax
W,wing
W,wish
W,wave
W,wake
W,walk
W,win
W,war
W,wet
W,wig
W,wax
W,wing
W,wish
W,wave
W,wake
W,walk
W,win
W,war
W,wet
W,wig
W,wax
W,wing
W,wish
W,wave
W,wake
W,walk
W,win
W,war
W,wet
W,wig
W,wax
W,wing
W,wish
W,wave
W,wake
W,walk
X,xray
X,xenon
X,xmas
X,xerox
X,xylem
X,xenial
X,xyst
X,xiphoid
X,xenagogue
X,xenolith
X,xray
X,xenon
X,xmas
X,xerox
X,xylem
X,xenial
X,xyst
X,xiphoid
X,xenagogue
X,xenolith
X,xray
X,xenon
X,xmas
X,xerox
X,xylem
X,xenial
X,xyst
X,xiphoid
X,xenagogue
X,xenolith
X,xray
X,xenon
X,xmas
X,xerox
X,xylem
X,xenial
X,xyst
X,xiphoid
X,xenagogue
X,xenolith
X,xray
X,xenon
X,xmas
X,xerox
X,xylem
X,xenial
X,xyst
X,xiphoid
X,xenagogue
X,xenolith
X,xray
X,xenon
X,xmas
X,xerox
X,xylem
X,xenial
X,xyst
X,xiphoid
X,xenagogue
X,xenolith
X,xray
X,xenon
X,xmas
X,xerox
X,xylem
X,xenial
X,xyst
X,xiphoid
X,xenagogue
X,xenolith
X,xray
X,xenon
X,xmas
X,xerox
X,xylem
X,xenial
X,xyst
X,xiphoid
X,xenagogue
X,xenolith
X,xray
X,xenon
X,xmas
X,xerox
X,xylem
X,xenial
X,xyst
X,xiphoid
X,xenagogue
X,xenolith
X,xray
X,xenon
X,xmas
X,xerox
X,xylem
X,xenial
X,xyst
X,xiphoid
X,xenagogue
X,xenolith
Y,yam
Y,yak
Y,yap
Y,yarn
Y,yawn
Y,year
Y,yell
Y,yes
Y,yet
Y,yoga
Y,yam
Y,yak
Y,yap
Y,yarn
Y,yawn
Y,year
Y,yell
Y,yes
Y,yet
Y,yoga
Y,yam
Y,yak
Y,yap
Y,yarn
Y,yawn
Y,year
Y,yell
Y,yes
Y,yet
Y,yoga
Y,yam
Y,yak
Y,yap
Y,yarn
Y,yawn
Y,year
Y,yell
Y,yes
Y,yet
Y,yoga
Y,yam
Y,yak
Y,yap
Y,yarn
Y,yawn
Y,year
Y,yell
Y,yes
Y,yet
Y,yoga
Y,yam
Y,yak
Y,yap
Y,yarn
Y,yawn
Y,year
Y,yell
Y,yes
Y,yet
Y,yoga
Y,yam
Y,yak
Y,yap
Y,yarn
Y,yawn
Y,year
Y,yell
Y,yes
Y,yet
Y,yoga
Y,yam
Y,yak
Y,yap
Y,yarn
Y,yawn
Y,year
Y,yell
Y,yes
Y,yet
Y,yoga
Y,yam
Y,yak
Y,yap
Y,yarn
Y,yawn
Y,year
Y,yell
Y,yes
Y,yet
Y,yoga
Y,yam
Y,yak
Y,yap
Y,yarn
Y,yawn
Y,year
Y,yell
Y,yes
Y,yet
Y,yoga
Z,zoo
Z,zap
Z,zip
Z,zone
Z,zero
Z,zinc
Z,zest
Z,zoom
Z,zebra
Z,zeal
Z,zoo
Z,zap
Z,zip
Z,zone
Z,zero
Z,zinc
Z,zest
Z,zoom
Z,zebra
Z,zeal
Z,zoo
Z,zap
Z,zip
Z,zone
Z,zero
Z,zinc
Z,zest
Z,zoom
Z,zebra
Z,zeal
Z,zoo
Z,zap
Z,zip
Z,zone
Z,zero
Z,zinc
Z,zest
Z,zoom
Z,zebra
Z,zeal
Z,zoo
Z,zap
Z,zip
Z,zone
Z,zero
Z,zinc
Z,zest
Z,zoom
Z,zebra
Z,zeal
Z,zoo
Z,zap
Z,zip
Z,zone
Z,zero
Z,zinc
Z,zest
Z,zoom
Z,zebra
Z,zeal
Z,zoo
Z,zap
Z,zip
Z,zone
Z,zero
Z,zinc
Z,zest
Z,zoom
Z,zebra
Z,zeal
Z,zoo
Z,zap
Z,zip
Z,zone
Z,zero
Z,zinc
Z,zest
Z,zoom
Z,zebra
Z,zeal
Z,zoo
Z,zap
Z,zip
Z,zone
Z,zero
Z,zinc
Z,zest
Z,zoom
Z,zebra
Z,zeal
Z,zoo
Z,zap
Z,zip
Z,zone
Z,zero
Z,zinc
Z,zest
Z,zoom
Z,zebra
Z,zeal
